D02	LwALyz8swO
D06	u5JurPRQLD
D10	1l31wAUr4r
D14	eI5evrNdqL
D16	0eu0obHTfW
D30	6AX6YmhiJO
D32	fHUfK4JCDY
D34	ksikUeK16B
D39	lJzl4mQgv9
D42	Bh1BCi9oQR
D46	s7GsPhRl8e
D49	aFSa5WwfSh
D56	gOng9CBSXO
D01	8ax8Pl4IrU
D03	LwALPlDswO
D04	TdQTIDbVNR
D05	7907ZzbJAL
D07	mEsmbrphJQ
D08	CqwCrgvEEy
D09	MBHMvzvDCm
D11	O6VOGlPynm
D12	gOngi1aSXO
D13	fHUfrIpCDY
D15	1l31Oq8r4r
D17	mEsm5oPhJQ
D18	vQgvkt6a47
D19	UPWU2M4wny
D20	rgRrMz2xtc
D21	5jN5c2NKxe
D22	9Ze90tVNYZ
D23	mEsmkJthJQ
D24	TdQTskKVNR
D25	TdQTvr6VNR
D26	eI5eug6dqL
D27	gOngRd2SXO
D28	LwALeTXswO
D29	XmkXF7iBfo
D31	Bh1BHOsoQR
D33	cpEcmLr0eP
D35	6AX6VFCiJO
D36	aFSax2kfSh
D37	7907nT5JAL
D38	5jN5yicKxe
D40	P3DP0dq42C
D41	ksik42016B
D43	SyYSAVzUb8
D44	rgRrNY8xtc
D45	1l31VWEr4r
D47	xSZx60ejfW
D48	lJzlZpegv9
D50	jU2jpVpLD0
D51	xSZx6MPjfW
D52	gOng2XjSXO
D53	DoqDuS7pcl
D54	ksik4Va16B
D55	s7GsZI7l8e
D57	jU2j3okLD0
D58	ovroKiX829
