REF_C	u5JuqXuQLD
REF_Q	JNTJ4rDOq4
REF_R	s7GsUqel8e
D01	cpEcxvz0eP
D02	s7GsJSvl8e
D03	vQgvFuTa47
D04	tCLtEComZJ
D05	p8bpIIAehw
D06	O6VOiRpynm
D07	lJzlO4zgv9
D08	jU2jwyILD0
D09	gOngyiOSXO
D10	nVanMoQYQD
D11	nVanMf1YQD
D12	0eu0dqbTfW
D13	IfjICSctvE
D14	TdQTXkAVNR
D15	hulhQP2vqL
D16	jU2jwM7LD0
D17	DoqD8gipcl
D18	jU2jweyLD0
D19	KL6KsVskqp
D20	bx9bY4K5Y2
D21	1l31T3Ir4r
D22	8ax8f3bIrU
D23	XmkXh6DBfo
D24	lJzldWPgv9
D25	LwAL7QGswO
D26	0eu0d3RTfW
D27	6AX6GUOiJO
D28	LwALpYRswO
D29	gOngy1MSXO
D30	p8bpIcJehw
D31	hulhQ8EvqL
D32	xSZxUkPjfW
D33	ovroaXU829
D34	bx9bjbL5Y2
D35	hulhFaqvqL
D36	xSZxwsHjfW
D37	cpEcdDX0eP
D38	SyYS4y4Ub8
D39	IfjIEFPtvE
D40	gOngP6uSXO
D41	aFSaq1IfSh
D42	N2dNGTn6D9
D43	LwALJieswO
D44	u5JukS9QLD
D45	8ax8ygNIrU
D46	5jN5s4DKxe
D47	LwALJ2oswO
D48	LwALJAbswO
D49	9Ze9AXDNYZ
D50	dtKdwsrXSL
D51	SyYS4VDUb8
D52	SyYS4MpUb8
D53	MBHM8scDCm
D54	vQgvHika47
D55	bx9bLce5Y2
D56	SyYS4ImUb8
D57	fHUfbAZCDY
D58	SyYS4mvUb8
MUS	p8bpvCnehw
