D01	hulhQabvqL	https://pikaso.cdnpk.net/private/production/5579614701/render.png?token=exp=1791072000~hmac=299d4a8e76668bcc52dac77737c9d2e9cae38e406de114cf94935b335cc6b2dd	https://pikaso.cdnpk.net/private/production/5579614701/conversions/render-preview.jpg?token=exp=1791072000~hmac=328c091b8113edc1853cd876bec201307226ee38a6c99ca2a95a10a9458b5043
D02	s7GsJSvl8e	https://pikaso.cdnpk.net/private/production/5579614988/render.png?token=exp=1791072000~hmac=3369cbcb72e45c07043a284ff21b1f64211b23bd4875bcc7d8b5b94bb4b67c0d	https://pikaso.cdnpk.net/private/production/5579614988/conversions/render-preview.jpg?token=exp=1791072000~hmac=694c1943b349d46477ac0984ce5466dc837000c7bb4e0b31342428bea0797785
D03	vQgvFuTa47	https://pikaso.cdnpk.net/private/production/5579615139/render.png?token=exp=1791072000~hmac=4fa853fc31aa5238f3de58476f5aec8d51e93b29a8019659c2a990742c648995	https://pikaso.cdnpk.net/private/production/5579615139/conversions/render-preview.jpg?token=exp=1791072000~hmac=3b36c1735f61712dc2e44a266ae0a88086317205a42bc51922e9204593207005
D04	tCLtEComZJ	https://pikaso.cdnpk.net/private/production/5579615440/render.png?token=exp=1791072000~hmac=5aec43f260e28121f983b2168ab49d37987a8c4821a5ae5646c7b192df6479d4	https://pikaso.cdnpk.net/private/production/5579615440/conversions/render-preview.jpg?token=exp=1791072000~hmac=33765e0438d15e3481e8d711cac5554ceb8fd446d99a3fc80757eb74b37f34d7
D05	p8bpIIAehw	https://pikaso.cdnpk.net/private/production/5579615489/render.png?token=exp=1791072000~hmac=025b07787bf62539f587b213cb2435fe0e4c9ebf0a65c49599e1853f0727c4c5	https://pikaso.cdnpk.net/private/production/5579615489/conversions/render-preview.jpg?token=exp=1791072000~hmac=742249a6f56099ba458e9655e85b961c59abf1609fb992ec0bf0bd94f0701472
D06	O6VOiRpynm	https://pikaso.cdnpk.net/private/production/5579615676/render.png?token=exp=1791072000~hmac=b2a14ca47abf50f5bc8f95aa71766492294764c9c27f241e1d5e579aa3a461e8	https://pikaso.cdnpk.net/private/production/5579615676/conversions/render-preview.jpg?token=exp=1791072000~hmac=ab38418135581041b8ebaa1275f77108704d0545fa666685ed895bb38ee6e148
D07	lJzlO4zgv9	https://pikaso.cdnpk.net/private/production/5579615756/render.png?token=exp=1791072000~hmac=b25db994d70330b63ee1c51b335f3e09f737f2a2ad79a96c90e36da64f596439	https://pikaso.cdnpk.net/private/production/5579615756/conversions/render-preview.jpg?token=exp=1791072000~hmac=c7cd825b18d3eb4118aae7250a03f6707be723d73e7c147664eeb9298d3da8b9
D08	jU2jwyILD0	https://pikaso.cdnpk.net/private/production/5579616027/render.jpg?token=exp=1791072000~hmac=fa3311517e4acff57fbd8e2244717ea5bace5bf0e3c9f278a78bb2e538e50a4b	https://pikaso.cdnpk.net/private/production/5579616027/conversions/render-preview.jpg?token=exp=1791072000~hmac=cf076fc3b9d4598912aa5bacfe8afdcd87eaf98b35284a562fd49822d218feb3
D09	gOngyiOSXO	https://pikaso.cdnpk.net/private/production/5579616151/render.png?token=exp=1791072000~hmac=be8fd971eab9454e38947bfd79e7133cf3a2f07f732d48fbc689f2aa12cef56b	https://pikaso.cdnpk.net/private/production/5579616151/conversions/render-preview.jpg?token=exp=1791072000~hmac=98044ed2da9e4fec1675c7e52e513e1b07b9ed216284c1052f0f7230edd2ba9d
D10	nVanMoQYQD	https://pikaso.cdnpk.net/private/production/5579616232/render.png?token=exp=1791072000~hmac=fff41fb46628858addad5514cc801bd1e9fb71e873bbff62e55983e62e856cc5	https://pikaso.cdnpk.net/private/production/5579616232/conversions/render-preview.jpg?token=exp=1791072000~hmac=63952fc9ab53f7b76ca06f211a2723256b5de7b3ede40d9a35be06ee407ec3c0
D11	nVanMf1YQD	https://pikaso.cdnpk.net/private/production/5579617264/render.png?token=exp=1791072000~hmac=7a3728394dacb735aa1e2b2e76874fd06c236d6869b73beaff5d86018aa27b4c	https://pikaso.cdnpk.net/private/production/5579617264/conversions/render-preview.jpg?token=exp=1791072000~hmac=7fa5557aa2c8f65754757e01af14658b2e42217f76f3ddffd7781aefdcd4f44d
D12	0eu0dqbTfW	https://pikaso.cdnpk.net/private/production/5579617701/render.png?token=exp=1791072000~hmac=452ef5e0dcc68fde115e015e863e6d2f8ef12f98d75ba387ea1652247057989e	https://pikaso.cdnpk.net/private/production/5579617701/conversions/render-preview.jpg?token=exp=1791072000~hmac=a896d27dbdbd143f12c1f4932377bfed56c34a0c08e34a4f87491b2a419442ce
D13	IfjICSctvE	https://pikaso.cdnpk.net/private/production/5579617909/render.png?token=exp=1791072000~hmac=9532f40f643fc229720108cf361ea1a0378de796e298148f0fd880b1913a78f5	https://pikaso.cdnpk.net/private/production/5579617909/conversions/render-preview.jpg?token=exp=1791072000~hmac=3df7202ebb8d8bc753a1b1a3437c24e46a2571a61246a7ce6a147aead73c6be5
D14	TdQTXkAVNR	https://pikaso.cdnpk.net/private/production/5579618110/render.png?token=exp=1791072000~hmac=4855dbbc161af4b3cbc2b9ccc7a595c68e946ed21cb23f94ba0dc61f4b3aac82	https://pikaso.cdnpk.net/private/production/5579618110/conversions/render-preview.jpg?token=exp=1791072000~hmac=288fe084a0c979f4293eecaffedf569a9eb73556a2f71ed3c459d0913633042e
D15	hulhQP2vqL	https://pikaso.cdnpk.net/private/production/5579618470/render.png?token=exp=1791072000~hmac=5b3cf39dae7657ae0a72ede285ea6c1057feb8aaa5fe2b3b688950e8e428dd53	https://pikaso.cdnpk.net/private/production/5579618470/conversions/render-preview.jpg?token=exp=1791072000~hmac=aa4826d0d73744300ea9dbd8f5555fab4390f8e10f35eaea1e1f48b81f2de066
D16	jU2jwM7LD0	https://pikaso.cdnpk.net/private/production/5579618674/render.png?token=exp=1791072000~hmac=647e0454ff6d54f2c61e53e637f21429721c25aa5f206211b08dc214a1f3947d	https://pikaso.cdnpk.net/private/production/5579618674/conversions/render-preview.jpg?token=exp=1791072000~hmac=80679a51baf82d87954b1305c8fca11be6e1d237a5131c19620f77678800bfe5
D17	DoqD8gipcl	https://pikaso.cdnpk.net/private/production/5579618712/render.png?token=exp=1791072000~hmac=c91735856c63983c7ab132b4be9d2325e55e96b1ed76dea9809465d8e1be2e53	https://pikaso.cdnpk.net/private/production/5579618712/conversions/render-preview.jpg?token=exp=1791072000~hmac=4b836b8fd72eb06728959e76c90bd6f4426708e4b6da15f6d272653d72cdb460
D18	jU2jweyLD0	https://pikaso.cdnpk.net/private/production/5579618699/render.png?token=exp=1791072000~hmac=e10f137f7eec99a1e4c3ba896103671d1b9a236b477dfa971d1926bcf07be500	https://pikaso.cdnpk.net/private/production/5579618699/conversions/render-preview.jpg?token=exp=1791072000~hmac=2f34323264b900d87b0fa0437f9be6ebedb011676109a3a37e748a80d357b357
D19	KL6KsVskqp	https://pikaso.cdnpk.net/private/production/5579619066/render.png?token=exp=1791072000~hmac=609db5c49c322c4f0964de11f7e785347caf657a177a33c08fc0de7055528277	https://pikaso.cdnpk.net/private/production/5579619066/conversions/render-preview.jpg?token=exp=1791072000~hmac=ed0d94efe391b1c2b13e7809ee6177e1ee1a750bc1f990861f6220f097dd0483
D20	N2dNAFC6D9	https://pikaso.cdnpk.net/private/production/5579619254/render.png?token=exp=1791072000~hmac=b886b5d08d6233ca33598f1b1a8251aa63d1339a5f9123b7053fdbb6076366b8	https://pikaso.cdnpk.net/private/production/5579619254/conversions/render-preview.jpg?token=exp=1791072000~hmac=753c922bfb85cb850bb189975cc86400bd69c8112522db5130c25d6c888b5285
D21	eI5etyVdqL	https://pikaso.cdnpk.net/private/production/5579619322/render.png?token=exp=1791072000~hmac=50c5d658139201cb554324439f5d49b7cc8dd350d1600a8f40788f7e57d8e0d0	https://pikaso.cdnpk.net/private/production/5579619322/conversions/render-preview.jpg?token=exp=1791072000~hmac=0f6e33e7086ffecaac004ffe4fb963ad1de908f16b04088a8ac365e56ad50633
D22	8ax8f3bIrU	https://pikaso.cdnpk.net/private/production/5579619461/render.png?token=exp=1791072000~hmac=b9a6d566e11f54b706ba8ce8e2b194e4cf1f753c17f9d4f17c25e1ed68a2dbc8	https://pikaso.cdnpk.net/private/production/5579619461/conversions/render-preview.jpg?token=exp=1791072000~hmac=6c719f10d79ceb96e419301c591b36f38ed81201ba7c880357397cfa14f87ef2
D23	XmkXh6DBfo	https://pikaso.cdnpk.net/private/production/5579619895/render.png?token=exp=1791072000~hmac=96a25695eae3e3a448b58b94f1696ff00bacdae3272ade28bd37528d356ec151	https://pikaso.cdnpk.net/private/production/5579619895/conversions/render-preview.jpg?token=exp=1791072000~hmac=c956e347ac5685e9880fc95ea9492adb7005951658ad3706fd3d1a67228f5ff9
D24	hulhQnpvqL	https://pikaso.cdnpk.net/private/production/5579619835/render.png?token=exp=1791072000~hmac=5fb3416b7f7c8e56e99b13f6acb154dd2ed22eec0305f722a91daa1305b1b40b	https://pikaso.cdnpk.net/private/production/5579619835/conversions/render-preview.jpg?token=exp=1791072000~hmac=10e578f2f9b9f5267f56eff962090c72e38c9ab0af1b77917f5bda6dc769443c
D25	LwAL7QGswO	https://pikaso.cdnpk.net/private/production/5579620723/render.png?token=exp=1791072000~hmac=931e0e79bcc309e2a14fcc4d8d9ee364486111b43392122641d5032c05df2663	https://pikaso.cdnpk.net/private/production/5579620723/conversions/render-preview.jpg?token=exp=1791072000~hmac=d549766294963573181ad2fa2e4db006f964b6222ca26552879b113ffc681204
D26	0eu0d3RTfW	https://pikaso.cdnpk.net/private/production/5579620827/render.png?token=exp=1791072000~hmac=b907c320570ec91135d9e104747abb4dce9af87ce0152459b802b51a5f0e51e1	https://pikaso.cdnpk.net/private/production/5579620827/conversions/render-preview.jpg?token=exp=1791072000~hmac=5d6b9e2e8e10734aeca7848dee89d11e3dc5599624b0bc3dbbb67362a703105a
D27	6AX6GUOiJO	https://pikaso.cdnpk.net/private/production/5579621001/render.png?token=exp=1791072000~hmac=e4102a01a732b99c9839c28207f85da479449049f47bb067b766e6a2abac56bb	https://pikaso.cdnpk.net/private/production/5579621001/conversions/render-preview.jpg?token=exp=1791072000~hmac=87b459970f45f29caa93472e97f6d663c78466505b5a6288e1a855b33dd15c8c
D28	xSZxUHwjfW	https://pikaso.cdnpk.net/private/production/5579621339/render.png?token=exp=1791072000~hmac=503b596b55fedb928361db03cd8449893518e7f3a5018f8621f675a346ebde29	https://pikaso.cdnpk.net/private/production/5579621339/conversions/render-preview.jpg?token=exp=1791072000~hmac=3367ffeb68bb2e48387c36d0f00975322d33dfb9f10c6c1062f1b203f2665a74
D29	gOngy1MSXO	https://pikaso.cdnpk.net/private/production/5579621380/render.png?token=exp=1791072000~hmac=43d74adfedaa407d9d2bd9a5ed73eb7f8db7f2bff92689f7fdefe406b21ce705	https://pikaso.cdnpk.net/private/production/5579621380/conversions/render-preview.jpg?token=exp=1791072000~hmac=ff46c6e48e9b24e2d5748474ba960e639ee9cd2916f7ad75686682059372d41f
D30	p8bpIcJehw	https://pikaso.cdnpk.net/private/production/5579621547/render.png?token=exp=1791072000~hmac=714eb7a2a0fcd17a2bc55d8dc599a3efbe17956a80dd4e07fb9032cd25f3b670	https://pikaso.cdnpk.net/private/production/5579621547/conversions/render-preview.jpg?token=exp=1791072000~hmac=062263047c47b5b577163612071ed8866bd28acf55897021dfb5353626a59762
D31	hulhQ8EvqL	https://pikaso.cdnpk.net/private/production/5579622102/render.png?token=exp=1791072000~hmac=743ae75bebe4644f1cd572aac9255c46ae76bff263ed80d2632bcd143b422f25	https://pikaso.cdnpk.net/private/production/5579622102/conversions/render-preview.jpg?token=exp=1791072000~hmac=e6f7df65a902b8ec485f91f3ad0be7997b67091757a82d99790f4239fd265ad1
D32	xSZxUkPjfW	https://pikaso.cdnpk.net/private/production/5579621798/render.png?token=exp=1791072000~hmac=a04729d0537103ec65fb12ed1fedbb632b202fda934f0e762c16565855efb772	https://pikaso.cdnpk.net/private/production/5579621798/conversions/render-preview.jpg?token=exp=1791072000~hmac=1292b3f740312b6ac006baccb8f7a42c8e0c54f4a3b5b3dff832d7468fce9f03
D33	ovroaXU829	https://pikaso.cdnpk.net/private/production/5579622126/render.png?token=exp=1791072000~hmac=7a6ba763fb3d185d8361f9f0a7b2f3aa0ed026b5261ac3553564f1fc60a3c351	https://pikaso.cdnpk.net/private/production/5579622126/conversions/render-preview.jpg?token=exp=1791072000~hmac=cf661cbd9b5a726c9e6b1a000e531800f0773add54d2bcbefa385109a3103cca
D34	bx9bjbL5Y2	https://pikaso.cdnpk.net/private/production/5579622222/render.png?token=exp=1791072000~hmac=98398f4441fb560ec18b29c82935ff8f2b0c14c5984d352f0d5a7f8043501395	https://pikaso.cdnpk.net/private/production/5579622222/conversions/render-preview.jpg?token=exp=1791072000~hmac=5d7495e439ff085e1cb65498489e759bdad34ac47fc32d1a2a379a36f096db97
D35	hulhFaqvqL	https://pikaso.cdnpk.net/private/production/5579622368/render.png?token=exp=1791072000~hmac=98ffdf8f2521d6e887c7fe42c0ec0149586e2723e046da24a740a143aa70fd70	https://pikaso.cdnpk.net/private/production/5579622368/conversions/render-preview.jpg?token=exp=1791072000~hmac=b7fadbb82ba0b76cbf9d35035764456fffd3abd2f300b3944931bbb05846feba
D36	xSZxwsHjfW	https://pikaso.cdnpk.net/private/production/5579623370/render.png?token=exp=1791072000~hmac=c173df0fba32d65e0ed31bd5df0fd1f0dbc2014db994bd29f7d3f236c511ba04	https://pikaso.cdnpk.net/private/production/5579623370/conversions/render-preview.jpg?token=exp=1791072000~hmac=d6b0c64ba5b2aafc6a82b2e0373accb48a5d0f0b1e510931df82bba306b4a491
D37	cpEcdDX0eP	https://pikaso.cdnpk.net/private/production/5579622769/render.png?token=exp=1791072000~hmac=71cca904e03d2cb275892ddb964cbd5cd9e6ef0aaf3f60794a48052bbd52087e	https://pikaso.cdnpk.net/private/production/5579622769/conversions/render-preview.jpg?token=exp=1791072000~hmac=550a39a3e8a5f9c0078e1770b1266c8229156126c4e10d99ac642d00a92529a1
D38	SyYS4y4Ub8	https://pikaso.cdnpk.net/private/production/5579623021/render.png?token=exp=1791072000~hmac=211a94cd98e10966c88fa2db89a17814e67b4459ef71bc0d3066ed69495ac9e6	https://pikaso.cdnpk.net/private/production/5579623021/conversions/render-preview.jpg?token=exp=1791072000~hmac=092ab399692b601a8330c111dbb4116ea04c3a1db9e982575489cef9968831dc
D39	IfjIEFPtvE	https://pikaso.cdnpk.net/private/production/5579623782/render.png?token=exp=1791072000~hmac=a2adc9efaae729fa61ea34b2bb0a4ffc40add3578d13dfdddc1190f91c93d390	https://pikaso.cdnpk.net/private/production/5579623782/conversions/render-preview.jpg?token=exp=1791072000~hmac=7c0ed2f296d1cfc8e65290458192cf363f101c4a467ca471db7f5b370a459758
D40	gOngP6uSXO	https://pikaso.cdnpk.net/private/production/5579623878/render.png?token=exp=1791072000~hmac=ffd69a3e25565d226aa7a7985c38879c1aaa8f92b03fe48f41210be1577ce86b	https://pikaso.cdnpk.net/private/production/5579623878/conversions/render-preview.jpg?token=exp=1791072000~hmac=6083f4e64fa846984c62c5eb57c16f4ac28d8cf986374278fad199a601b798c9
D41	aFSaq1IfSh	https://pikaso.cdnpk.net/private/production/5579623955/render.png?token=exp=1791072000~hmac=069ba45849aac5d1640742629b9fa59361e91a61287dbd37a9dfb74f8b920ada	https://pikaso.cdnpk.net/private/production/5579623955/conversions/render-preview.jpg?token=exp=1791072000~hmac=8c786036e895d1225d9a22d453f51ee66a92badb8889f65a6b67473069718321
D42	N2dNGTn6D9	https://pikaso.cdnpk.net/private/production/5579624328/render.png?token=exp=1791072000~hmac=d836fd067023d259e059d17b0c5f16c7d066203f13d3fa1bfbc03a3de5ceb418	https://pikaso.cdnpk.net/private/production/5579624328/conversions/render-preview.jpg?token=exp=1791072000~hmac=21a6801958eb0d74d3fc0ebb65417280f042eb081b51c4bbaa9b2eacfd21ca8e
D43	LwALJieswO	https://pikaso.cdnpk.net/private/production/5579624161/render.png?token=exp=1791072000~hmac=e95e796180afcf8767d44d6715235890e4c2f4d8a66c45cc9c475abff10c4895	https://pikaso.cdnpk.net/private/production/5579624161/conversions/render-preview.jpg?token=exp=1791072000~hmac=b3c1a2fce76335dac02d63df1f28d8742be10ecd97adb2730907aa4d2df28838
D44	u5JukS9QLD	https://pikaso.cdnpk.net/private/production/5579624736/render.png?token=exp=1791072000~hmac=3350800a6370b0d4db7e2c04d9d4b68f04186aac8e22d6816e571229694773cc	https://pikaso.cdnpk.net/private/production/5579624736/conversions/render-preview.jpg?token=exp=1791072000~hmac=179c1801214c390b73205a9651248d5ed8960e2bef9c6ae08315d66560fca1b8
D45	hulhFj7vqL	https://pikaso.cdnpk.net/private/production/5579624731/render.png?token=exp=1791072000~hmac=f88751cbeae599a344f03c2ff81b39119e4a03c9b56c92ca9d2bee551a7dcc45	https://pikaso.cdnpk.net/private/production/5579624731/conversions/render-preview.jpg?token=exp=1791072000~hmac=b5126fded7d41b20f88903eb29403e2c2d2fadfdaef2ac13e5e7cc00a16dfd48
D46	5jN5s4DKxe	https://pikaso.cdnpk.net/private/production/5579624686/render.png?token=exp=1791072000~hmac=ebd25ab84f22b0c396fe49818a3cace14323669865e2b7d3f1eb941e58e65fe2	https://pikaso.cdnpk.net/private/production/5579624686/conversions/render-preview.jpg?token=exp=1791072000~hmac=aac9913277566dda8e087c002004b368cd819ee2d0e966ae07b014a28697654c
D47	LwALJ2oswO	https://pikaso.cdnpk.net/private/production/5579624831/render.png?token=exp=1791072000~hmac=1b937661b28180491ede96e36376cdb783187f8e6fdaea0322fff10dcb64dacb	https://pikaso.cdnpk.net/private/production/5579624831/conversions/render-preview.jpg?token=exp=1791072000~hmac=5a0c47788d97d406323eb78afc20906b92caec1591b0edefa7f73ff45eac4449
D48	LwALJAbswO	https://pikaso.cdnpk.net/private/production/5579625147/render.png?token=exp=1791072000~hmac=c86ed29a8016263ca15f905d78398a428e587acbe4f77711d2f2c8f6c9304c2e	https://pikaso.cdnpk.net/private/production/5579625147/conversions/render-preview.jpg?token=exp=1791072000~hmac=bbf5223b9aefef747554aa5dae2f8d6bb16c99a66141c2a5a707771b0a6cf1aa
D49	9Ze9AXDNYZ	https://pikaso.cdnpk.net/private/production/5579625105/render.png?token=exp=1791072000~hmac=5f43a436c4603a9bba6abee1989618973d4de33915fa0696685123db1f0e2b68	https://pikaso.cdnpk.net/private/production/5579625105/conversions/render-preview.jpg?token=exp=1791072000~hmac=0e6c7abac94d623e60f0960555c4b46b04479e15cdefd99c44ca29d716059096
D50	eI5em16dqL	https://pikaso.cdnpk.net/private/production/5579625295/render.png?token=exp=1791072000~hmac=e4c89e6aff88e3a6aefd7ad26dde1449856828361fcfc9c96abdbc5abdb7bbc8	https://pikaso.cdnpk.net/private/production/5579625295/conversions/render-preview.jpg?token=exp=1791072000~hmac=fd2a00e0f7675eb79c14ae8696279a8ff600b1f18dc82e723824f74b07c8e615
D51	SyYS4VDUb8	https://pikaso.cdnpk.net/private/production/5579625431/render.png?token=exp=1791072000~hmac=76b1671a83eea14bfb25c7d97d40fee359fcb1f24fb205efd3720a51ee8da82f	https://pikaso.cdnpk.net/private/production/5579625431/conversions/render-preview.jpg?token=exp=1791072000~hmac=b9c68411e0812689f71c48ba263147af92c7039ace423042996fe4313242d195
D52	SyYS4MpUb8	https://pikaso.cdnpk.net/private/production/5579625493/render.png?token=exp=1791072000~hmac=91f612298dd2f90d0906cd37ec4ef783a22e4150fef3db75e2f5a3eb9c102ddc	https://pikaso.cdnpk.net/private/production/5579625493/conversions/render-preview.jpg?token=exp=1791072000~hmac=7989a5617d4a934e1f6093e9a0ed06d2548d24ed84f16a612c067c1c6cffa087
D53	MBHM8scDCm	https://pikaso.cdnpk.net/private/production/5579626338/render.png?token=exp=1791072000~hmac=9f92334a933e65510e5db65f3ef791730972b699a82d8255d5e859d39f9d00a3	https://pikaso.cdnpk.net/private/production/5579626338/conversions/render-preview.jpg?token=exp=1791072000~hmac=bd25e0f990e3a3c24d6a5d4ed97fa5906ccdb9ce3a60ddbf169cdff69c5e282d
D54	vQgvHika47	https://pikaso.cdnpk.net/private/production/5579626496/render.png?token=exp=1791072000~hmac=e25ea37f19da56925404fb8488770294300a64e3f8d5e7a72ed144807227be8e	https://pikaso.cdnpk.net/private/production/5579626496/conversions/render-preview.jpg?token=exp=1791072000~hmac=ec1a0fccfa4c2533ffe2e9a87fb89d1486775abea3fd0121c7d585dd4fdb68b8
D55	bx9bLce5Y2	https://pikaso.cdnpk.net/private/production/5579626715/render.png?token=exp=1791072000~hmac=e5bf63438073c177b9062abcd1688c5018cfb186e18f14061e6193d0ac20f38b	https://pikaso.cdnpk.net/private/production/5579626715/conversions/render-preview.jpg?token=exp=1791072000~hmac=548b83cc312fecde407efb9e3596c9b5e2e12e1b535fcb8ac837679310bea38a
D56	SyYS4ImUb8	https://pikaso.cdnpk.net/private/production/5579626972/render.png?token=exp=1791072000~hmac=8d7e03ab82a9686dbe797370b8097e5d9a4cfba3ccf0f6de9ab447daa1988c5a	https://pikaso.cdnpk.net/private/production/5579626972/conversions/render-preview.jpg?token=exp=1791072000~hmac=64383bb79b9fed60d6651a3b9a04bc96616cf511a4a39ae7848dd5f36670d19e
D57	fHUfbAZCDY	https://pikaso.cdnpk.net/private/production/5579626993/render.png?token=exp=1791072000~hmac=3d0e2e3d51ddd21263951ed921d72a05c2a96fb8870806e55662dfbc5bf82d50	https://pikaso.cdnpk.net/private/production/5579626993/conversions/render-preview.jpg?token=exp=1791072000~hmac=35d858731d5999cdb18a43c6417faae8a1f43b56fb6f809ba0a301bf5bce706c
