E01	6ABo925iJO
E02	IfLsofotvE
E03	ks3R5gr16B
E04	hugStHVvqL
E05	IfLsoFhtvE
E06	iGo8N0X3uK
E07	UPc0gRowny
E08	vQSUmxOa47
E09	SyWclA5Ub8
E10	nVfCGhnYQD
E11	TdFHcQaVNR
E12	yiDpJDFPW9
E13	nVfCGETYQD
E14	EbJOfPXuuO
E15	bxN6HZ15Y2
E16	iGo8NvH3uK
E17	u5OyEDyQLD
E18	nVfCzJQYQD
E19	KLi35tmkqp
E22	Cq7JfpCEEy
E23	tCslITQmZJ
E20	jUAGjbrLD0
E21	Cq7JCm5EEy
E24	9ZdX9OdNYZ
E25	s7znsxtl8e
E26	ks3ZroG16B
E27	mElSvnMhJQ
E28	8ajstGYIrU
E29	eIK1XRSdqL
E30	mElSvcehJQ
E31	4ReXNxP9Aa
E32	mElSvTXhJQ
E33	s7zYSdNl8e
E34	mElSa6AhJQ
E35	0eQHMgMTfW
E36	KLiRrDVkqp
E37	gOYcwmLSXO
E38	SyW07a9Ub8
E39	ks3ZxBc16B
E40	rgZAszMxtc
E41	SyW0JMxUb8
E42	YMCuTqzWeC
E43	hugUCPfvqL
E44	SyW0JdwUb8
E45	SyW0OYqUb8
E46	vQSwuUya47
E47	mElSCSJhJQ
E48	VXHbd52MMU
E49	xS2GSLIjfW
E50	P3pd3NS42C
E51	lJnWJwtgv9
E52	VXHbX6tMMU
E53	WDEQD4McXe
E54	cpuFpNh0eP
E55	Xm1xmngBfo
E56	ks3Zsfp16B
E57	IfLlfV6tvE
E58	KLiRLCmkqp
