E01	https://pikaso.cdnpk.net/private/production/5589849203/render.png?token=exp=1791072000~hmac=301f56036c7a0c834978412a4fa3f7386996376ff29d271546882b3273b473f7
E02	https://pikaso.cdnpk.net/private/production/5589849603/render.png?token=exp=1791072000~hmac=d667dc9a0ae85a53b8e5ffbb9a8e286592e753c5da8f627d0e4109b205b8bb54
E03	https://pikaso.cdnpk.net/private/production/5589849737/render.png?token=exp=1791072000~hmac=7d8922b79772baf5a8a6d0d2d010bc21cca35f915eaa4e6cc47b2dde21f124c4
E04	https://pikaso.cdnpk.net/private/production/5589849948/render.png?token=exp=1791072000~hmac=1e4ff3ad61399ce6b3db78050661c30799bc5dd1a93478e14859602067c5a6a5
E05	https://pikaso.cdnpk.net/private/production/5589850769/render.png?token=exp=1791072000~hmac=4ddd572b1349f80fcc2d4ec03b6167c9eaae0ba86bd9fe86c9eaeb260fb3380b
E06	https://pikaso.cdnpk.net/private/production/5589850581/render.png?token=exp=1791072000~hmac=9148001a043800ff6508931896e38f25436bcc42b39e3d987213c98183992cc9
E07	https://pikaso.cdnpk.net/private/production/5589850998/render.png?token=exp=1791072000~hmac=65854254627eddba9f7751cbf979f6e07d6ffe8ec4a9fecc91e61f1d1306bf5e
E08	https://pikaso.cdnpk.net/private/production/5589852026/render.png?token=exp=1791072000~hmac=763b20e7d21b26ecdf00e60833ce8a18f00723d13fabcede0e0ab135b7246da3
E09	https://pikaso.cdnpk.net/private/production/5589851385/render.png?token=exp=1791072000~hmac=9a501574e8004b59266674c6eece137ff079dd93be86b9dd1022870bb83c9c59
E10	https://pikaso.cdnpk.net/private/production/5589852418/render.png?token=exp=1791072000~hmac=ec9b42058c813aa55dadb1f01825a0ca1c6b1141e5e67dd4a040bac813db126d
E11	https://pikaso.cdnpk.net/private/production/5589854017/render.png?token=exp=1791072000~hmac=fcf749d8deba53db6dcf57171e510f9d3c4a28fc7ba3fb37d8ebd2e7c294f2bd
E12	https://pikaso.cdnpk.net/private/production/5589854104/render.png?token=exp=1791072000~hmac=382bf1c6d29102d9fe6cf545ca5b671414efaa549bdad9f95c7889cbce05fe2f
E13	https://pikaso.cdnpk.net/private/production/5589854380/render.png?token=exp=1791072000~hmac=860f14b4864d56919b390b2683b044a786eedcfd8b9530c7daa5c244421cda89
E14	https://pikaso.cdnpk.net/private/production/5589854703/render.png?token=exp=1791072000~hmac=610e1a63de48a5ab04437d2c74f13062a0de8a86802e22f1dd73c18c1a84118c
E15	https://pikaso.cdnpk.net/private/production/5589854940/render.png?token=exp=1791072000~hmac=4d6643f9e231c50fdab425949e39916740e2c5f895fcde605690f64e8b88ca58
E16	https://pikaso.cdnpk.net/private/production/5589906379/render.png?token=exp=1791072000~hmac=5cdcf85d7009785fbb4af39685023b41d51b336d084b0afb37d2d0f70e56260a
E17	https://pikaso.cdnpk.net/private/production/5589906689/render.png?token=exp=1791072000~hmac=de028f5d9406d8732b915fc3ee4c4b35d8dae67bee1af830a0fad5ebf1dfda1d
E18	https://pikaso.cdnpk.net/private/production/5589906726/render.png?token=exp=1791072000~hmac=89d2a293dc9783f493b2b540a18d6aa2136b3296b2f4d87376d8ffe2324ed848
E19	https://pikaso.cdnpk.net/private/production/5589906990/render.png?token=exp=1791072000~hmac=cf8814913776baa3becc903261264c3102b572ad3149b7818bb546836ce459e7
E20	https://pikaso.cdnpk.net/private/production/5589907987/render.png?token=exp=1791072000~hmac=96abb1d659995dbd6db62e3fa9176aa6399a78082cf8096304f414bc605c156d
E21	https://pikaso.cdnpk.net/private/production/5589907481/render.png?token=exp=1791072000~hmac=85f2a9807efdc6ca1f1deb8437ebb0619d5020b00449cedecf39acaa084c616e
E22	https://pikaso.cdnpk.net/private/production/5589908821/render.png?token=exp=1791072000~hmac=187970e4a4da54b468f70de65f5a195669da4beda92e36aec5d7956ab31eea6a
E23	https://pikaso.cdnpk.net/private/production/5589908223/render.png?token=exp=1791072000~hmac=6f0321125f73c5cc3a2c1f2315ef1e77932ef6e8d2b01f4c76c857361e9ebac7
E24	https://pikaso.cdnpk.net/private/production/5589911248/render.png?token=exp=1791072000~hmac=9c2eaf1f45fbad8d662d4ebc0a8b8a1be70dde90ab40817587e649637a4a6487
E25	https://pikaso.cdnpk.net/private/production/5589911692/render.png?token=exp=1791072000~hmac=578b974b0d10441ea4b7859bbf3f6b7cffe8e0a1d236f041a017e1c3df9e284a
E26	https://pikaso.cdnpk.net/private/production/5589912212/render.png?token=exp=1791072000~hmac=b3d98593fdd11445348e0ca935b45f1fe8aee26105169b0146d5e47d2d89977f
E27	https://pikaso.cdnpk.net/private/production/5589912216/render.png?token=exp=1791072000~hmac=b64c2d6bea1cd387715a6ef0364276ba914f50cbae7ce0554010fcc5bbfa9477
E28	https://pikaso.cdnpk.net/private/production/5589912427/render.png?token=exp=1791072000~hmac=7b1b7c897b712b14a08e65a598434ab4f68d7b42bb47fc20addb1a59fd755015
E29	https://pikaso.cdnpk.net/private/production/5589912790/render.png?token=exp=1791072000~hmac=39a7288d205cce9cc1139a2b36a383cd491aa1fa4e0e5f6582ae53654b20beca
E30	https://pikaso.cdnpk.net/private/production/5589932166/render.png?token=exp=1791072000~hmac=acf904b8cdef103cdeb8a15f08bd3aaaf33b7f8ec5751fa0de4acaaaf342a9f3
E31	https://pikaso.cdnpk.net/private/production/5589913000/render.png?token=exp=1791072000~hmac=33f792567d664eaa0bab6565d862e9904d937c72d103d98fa11d7b1fe9e8a064
E32	https://pikaso.cdnpk.net/private/production/5589913403/render.png?token=exp=1791072000~hmac=4befafcfed862e7f8ce7a84449e9dbefac9396ea6198dffb7b5e5966477b8b48
E33	https://pikaso.cdnpk.net/private/production/5589916459/render.png?token=exp=1791072000~hmac=32cb52c2a89f7108b06fe0c4f127debb2f5a17153423e09d67144b721cb481a4
E34	https://pikaso.cdnpk.net/private/production/5589916469/render.png?token=exp=1791072000~hmac=2a2db7f9050414817aaaa6aaeb2e1f06c329237a270a9f172fef68b3f85da6ed
E35	https://pikaso.cdnpk.net/private/production/5589916773/render.png?token=exp=1791072000~hmac=716148e1d32344998ab0f7a03878aca536568afb3403e6202809176e88d56005
E36	https://pikaso.cdnpk.net/private/production/5589917892/render.png?token=exp=1791072000~hmac=ced1ec2ee9551797e9b5860538235635a20ed9339f7646d3c47899b0ca787f6f
E37	https://pikaso.cdnpk.net/private/production/5589917596/render.png?token=exp=1791072000~hmac=84dabb659cd82f443b1aefcb409845a478353edb1c391c06839d65983aa1cf75
E38	https://pikaso.cdnpk.net/private/production/5589917948/render.png?token=exp=1791072000~hmac=34a99e66de2c9e5468ee2a31429b4440cbd805bd33c213c3513d38e762687d1a
E39	https://pikaso.cdnpk.net/private/production/5589918176/render.png?token=exp=1791072000~hmac=9d402f00d6968ae8162cf655f506907349a5e49c80f4e83614f36e6429f84a91
E40	https://pikaso.cdnpk.net/private/production/5589918800/render.png?token=exp=1791072000~hmac=96a03ff07fc38d090678d51a7f56560f3580e79f0927ed7f5612842a79ba221a
E41	https://pikaso.cdnpk.net/private/production/5589918736/render.png?token=exp=1791072000~hmac=d70e0dbda4d0cd216ec8677812c5d899053633a53a1fe506518f6682b66b39b1
E42	https://pikaso.cdnpk.net/private/production/5589918809/render.png?token=exp=1791072000~hmac=015b134924ef81ae650863cea51c3d588115f38cbc5fe61a8a5769bcf6f28fb3
E43	https://pikaso.cdnpk.net/private/production/5589921948/render.png?token=exp=1791072000~hmac=b5b2d15d2a706d3f4632e84b2cb24769ce274aa7718a4f99507b0eb8fe090f80
E44	https://pikaso.cdnpk.net/private/production/5589922033/render.png?token=exp=1791072000~hmac=9c09622b15da49e5b150e69baae4bece18de084947e7a871ee194d8d5bf261c9
E45	https://pikaso.cdnpk.net/private/production/5589922208/render.png?token=exp=1791072000~hmac=cba9a12fd691f405e48d01338f4dc22b06493fe0f1a13664ed420b96a9dee98e
E46	https://pikaso.cdnpk.net/private/production/5589923498/render.png?token=exp=1791072000~hmac=48bbff0f736112ee3203350c6daf85252ce348173e102c03ab6f4e1654638d3d
E47	https://pikaso.cdnpk.net/private/production/5589923489/render.png?token=exp=1791072000~hmac=907f8138a91611ef3e1e2060eb53b6c945d0d3621b75f035ab8d4708a3cdf7fb
E48	https://pikaso.cdnpk.net/private/production/5589924627/render.png?token=exp=1791072000~hmac=d7089bc5a2fe56279a060c85ab73580d7fc664dfc2742549eb903bf18cb28305
E49	https://pikaso.cdnpk.net/private/production/5589924270/render.png?token=exp=1791072000~hmac=2d6f5c9d46d1f9823b696734af29ffc689611794c3fc5d35b329d76a437d6945
E50	https://pikaso.cdnpk.net/private/production/5589924942/render.png?token=exp=1791072000~hmac=abfbbcb4e2f139d28c32d1b89f8b5305a587717c4ce035c8fc85c68fe776a6e3
E51	https://pikaso.cdnpk.net/private/production/5589926944/render.png?token=exp=1791072000~hmac=25898e1c5428d04eb0ea75082ff5f8c34001d50bd9d7883e6afba561ff6c89b5
E52	https://pikaso.cdnpk.net/private/production/5589926831/render.png?token=exp=1791072000~hmac=4cff66e6f418d018afc9db51286e0bd3cbc1f7b5dfa0641f9e7c39c96f4db341
E53	https://pikaso.cdnpk.net/private/production/5589927119/render.png?token=exp=1791072000~hmac=65b6f783b1a064b3ee2d032a05aa9355e288fd5daaed1b72fef64ab8849a5e35
E54	https://pikaso.cdnpk.net/private/production/5589927719/render.png?token=exp=1791072000~hmac=a4ed0e9777d8068f0f90728b5bb33168fdc5c6b4043156a8f339e969e81995a4
E55	https://pikaso.cdnpk.net/private/production/5589927614/render.png?token=exp=1791072000~hmac=73ef304432b67695e10efac7b2f0b8a25efaeb532a0d879e1e7087aaf19be976
E56	https://pikaso.cdnpk.net/private/production/5589927842/render.png?token=exp=1791072000~hmac=a42dd2f2c97a70a6372e0e163378b326506ab866fdcae48fe429114fab9f3001
E57	https://pikaso.cdnpk.net/private/production/5589928286/render.png?token=exp=1791072000~hmac=8baf343443cbcf2236794b06ac5889d5969e6615c78ae4f0e2f0e6d58258e48d
E58	https://pikaso.cdnpk.net/private/production/5589928789/render.png?token=exp=1791072000~hmac=23c403af77316304c67bf80a0488a4f70341e89e154d28a79c1e0e5e8c3b9285
MUS	https://pikaso.cdnpk.net/private/production/5589835587/a2dd5591-afb5-4c04-b112-cb95a11ca191.mp3?token=exp=1791072000~hmac=4534d2e8b5445316b18b18b5bcec99230e6b6c91a489678f25f07f7847524259
REF_A	https://pikaso.cdnpk.net/private/production/5589802868/render.png?token=exp=1791072000~hmac=6ab133295efd9994967a2f5ca7a63fc3744f2f89c1a9eff4c7fb8b6a97107f3c
REF_P	https://pikaso.cdnpk.net/private/production/5589803054/render.png?token=exp=1791072000~hmac=26c96ce6ae355a8c36fb7b0a3d69118a55bbb3ba010db82161275fb1b48187cc
