REF_P	P3peQoK42C
REF_A	UPc0vdNwny
MUS	TdFHyU3VNR
E01	bxN6B245Y2
E02	bxN6BGN5Y2
E03	xS2AhVVjfW
E04	MBqbNgNDCm
E05	9ZdX1QMNYZ
E06	3z8ILKWREY
E07	SyWcuaXUb8
E08	Dob569ypcl
E09	5j6ioohKxe
E10	WDEuO4qcXe
E11	9ZdXri1NYZ
E12	VXHqNd2MMU
E13	eIKkRmadqL
E14	P3pekAD42C
E15	KLi3IwGkqp
E16	bxN6vfM5Y2
E17	P3pesUy42C
E18	Cq7JBvUEEy
E19	0eQFRcUTfW
E20	1lRZkSWr4r
E21	BhrxejMoQR
E22	Xm1rchXBfo
E23	rgZ2Q7cxtc
E24	u5OyIzOQLD
E25	LwGzqopswO
E26	Xm1rcN7Bfo
E27	4Redg5i9Aa
E28	8ajLVAeIrU
E29	Cq7Jop5EEy
E30	p85KcHwehw
E31	3z8IJJDREY
E32	cpuQR2s0eP
E33	p85KDhbehw
E34	rgZ2F3Xxtc
E35	jUAGqAeLD0
E36	VXHqG5DMMU
E37	UPc0rprwny
E38	tCslpOBmZJ
E39	Xm1r07jBfo
E40	TdFHAgSVNR
E41	JNVMLfqOq4
E42	u5Oytc4QLD
E43	Cq7JIQJEEy
E44	Cq7JIHyEEy
E45	tCsleE9mZJ
E46	ovxjMEq829
E47	rgZ2HO7xtc
E48	jUAGb9YLD0
E49	rgZ2H9Mxtc
E50	tCslernmZJ
E51	nVfC3lQYQD
E52	EbJOCxGuuO
E53	1lRZFIsr4r
E54	LwGz5aqswO
E55	w40Tjbk7EI
E56	EbJOtBUuuO
E57	lJnYkK0gv9
E58	YMCERZjWeC
